서울시 기준일,서울시 확진자,서울시 추가 확진,,,,,,,,전국 기준일,전국 확진,전국 추가 확진
2022121600,5478664,12402,,,,,,,,2022121600,28062679,66953
2022121500,5466262,12830,,,,,,,,2022121500,27995726,70154
2022121400,5453432,15180,,,,,,,,2022121400,27925572,84571
2022121300,5438252,17696,,,,,,,,2022121300,27841001,86852
2022121200,5420556,3910,,,,,,,,2022121200,27754149,25667
2022121100,5416646,9603,,,,,,,,2022121100,27728482,54319
2022121000,5407043,11690,,,,,,,,2022121000,27674163,62738
2022120900,5395385,11853,,,,,,,,2022120900,27611555,62734
2022120800,5385302,11977,,,,,,,,2022120800,27548821,65253
2022120700,5371555,13747,,,,,,,,2022120700,27483568,74714
2022120600,5357808,16372,,,,,,,,2022120600,27408854,77604
2022120500,5341436,3921,,,,,,,,2022120500,27331250,23160
2022120400,5337515,8526,,,,,,,,2022120400,27308090,46564
2022120300,5328989,10369,,,,,,,,2022120300,27261526,52861
2022120200,5318646,10487,,,,,,,,2022120200,27208800,52987
2022120100,5308159,11034,,,,,,,,2022120100,27155813,57079
2022113000,5297125,12290,,,,,,,,2022113000,27098734,67415
2022112900,5284835,15501,,,,,,,,2022112900,27031319,71476
2022112800,5269334,3794,,,,,,,,2022112800,26959843,22327
2022112700,5265540,9160,,,,,,,,2022112700,26937516,47028
2022112600,5256380,10161,,,,,,,,2022112600,26890488,52788
2022112500,5246245,10684,,,,,,,,2022112500,26837840,53698
2022112400,5235561,11456,,,,,,,,2022112400,26784142,59089
2022112300,5224105,13499,,,,,,,,2022112300,26725053,70324
2022112200,5210606,15613,,,,,,,,2022112200,26654729,72873
2022112100,5194993,3826,,,,,,,,2022112100,26581856,23091
2022112000,5191167,8804,,,,,,,,2022112000,26558765,46011
2022111900,5182363,10124,,,,,,,,2022111900,26512754,50589
2022111800,5172272,9742,,,,,,,,2022111800,26462319,49418
2022111700,5162530,10846,,,,,,,,2022111700,26412901,55437
2022111600,5151684,12483,,,,,,,,2022111600,26357464,66587
2022111500,5139201,15539,,,,,,,,2022111500,26290877,72883
2022111400,5123662,3649,,,,,,,,2022111400,26217994,23765
2022111300,5120013,9263,,,,,,,,2022111300,26194229,48465
2022111200,5110750,10836,,,,,,,,2022111200,26145764,54328
2022111100,5099934,10903,,,,,,,,2022111100,26091539,54519
2022111000,5089031,11073,,,,,,,,2022111000,26037020,55365
2022110900,5077958,12481,,,,,,,,2022110900,25981655,62472
2022110800,5065477,14158,,,,,,,,2022110800,25919183,62273
2022110700,5051319,3320,,,,,,,,2022110700,25856910,18671
2022110600,5047999,7163,,,,,,,,2022110600,25838239,36675
2022110500,5040836,8104,,,,,,,,2022110500,25801564,40903
2022110400,5032737,8677,,,,,,,,2022110400,25760701,43449
2022110300,5024068,9547,,,,,,,,2022110300,25717277,46896
2022110200,5014526,10940,,,,,,,,2022110200,25670407,54766
2022110100,5003593,13017,,,,,,,,2022110100,25615667,58379
2022103100,4990582,3099,,,,,,,,2022103100,25557309,18510
2022103000,4987483,6708,,,,,,,,2022103000,25538799,34511
2022102900,4980775,7578,,,,,,,,2022102900,25504288,37321
2022102800,4973197,7480,,,,,,,,2022102800,25466992,35924
2022102700,4965729,6848,,,,,,,,2022102700,25431105,34987
2022102600,4958897,7906,,,,,,,,2022102600,25396155,40842
2022102500,4951008,10066,,,,,,,,2022102500,25355350,43759
2022102400,4940956,2438,,,,,,,,2022102400,25311636,14302
2022102300,4938518,5176,,,,,,,,2022102300,25297334,26256
2022102200,4933342,6016,,,,,,,,2022102200,25271078,26906
2022102100,4927337,5061,,,,,,,,2022102100,25244255,24751
2022102000,4922285,5416,,,,,,,,2022102000,25219546,25431
2022101900,4916878,5897,,,,,,,,2022101900,25194177,29503
2022101800,4910983,7531,,,,,,,,2022101800,25164695,33248
2022101700,4903463,1921,,,,,,,,2022101700,25131505,11040
2022101600,4901542,4191,,,,,,,,2022101600,25120465,21469
2022101500,4897351,4579,,,,,,,,2022101500,25098996,22844
2022101400,4892777,4834,,,,,,,,2022101400,25076239,23583
2022101300,4887950,5254,,,,,,,,2022101300,25052677,26957
2022101200,4882697,6802,,,,,,,,2022101200,25025749,30535
2022101100,4875900,3054,,,,,,,,2022101100,24995246,15476
2022101000,4872846,1494,,,,,,,,2022101000,24979770,8981
2022100900,4871352,3552,,,,,,,,2022100900,24970789,17654
2022100800,4867800,3963,,,,,,,,2022100800,24953135,19431
2022100700,4863862,4319,,,,,,,,2022100700,24933756,22298
2022100600,4859554,5520,,,,,,,,2022100600,24911497,28648
2022100500,4854042,7674,,,,,,,,2022100500,24882894,34739
2022100400,4846376,3086,,,,,,,,2022100400,24848184,16423
2022100300,4843290,2025,,,,,,,,2022100300,24831761,12150
2022100200,4841265,4797,,,,,,,,2022100200,24819611,23597
2022100100,4836468,5584,,,,,,,,2022100100,24796014,26960
2022093000,4830891,5794,,,,,,,,2022093000,24769101,28497
2022092900,4825107,6270,,,,,,,,2022092900,24740635,30881
2022092800,4818845,7122,,,,,,,,2022092800,24709789,36159
2022092700,4811733,8557,,,,,,,,2022092700,24673663,39425
2022092600,4803181,2335,,,,,,,,2022092600,24634296,14168
2022092500,4800846,4888,,,,,,,,2022092500,24620128,25792
2022092400,4795958,5651,,,,,,,,2022092400,24594336,29353
2022092300,4790319,5625,,,,,,,,2022092300,24565021,29108
2022092200,4784699,6154,,,,,,,,2022092200,24535940,33009
2022092100,4778549,7358,,,,,,,,2022092100,24502968,41286
2022092000,4771203,9735,,,,,,,,2022092000,24461737,47917
2022091900,4761487,3199,,,,,,,,2022091900,24413873,19407
2022091800,4758288,5970,,,,,,,,2022091800,24394466,34764
2022091700,4752318,7659,,,,,,,,2022091700,24359702,43457
2022091600,4744665,9225,,,,,,,,2022091600,24316302,51874
2022091500,4735448,11819,,,,,,,,2022091500,24264470,71471
2022091400,4723634,17384,,,,,,,,2022091400,24193038,93981
2022091300,4706258,9552,,,,,,,,2022091300,24099134,57309
2022091200,4696706,6289,,,,,,,,2022091200,24041825,36938
2022091100,4690417,4807,,,,,,,,2022091100,24004887,28214
2022091000,4685610,6081,,,,,,,,2022091000,23976673,42724
2022090900,4679529,12315,,,,,,,,2022090900,23933949,69410
2022090800,4667217,13066,,,,,,,,2022090800,23864560,72646
2022090700,4654166,14538,,,,,,,,2022090700,23791961,85540
2022090600,4639649,18779,,,,,,,,2022090600,23706477,99837
2022090500,4620905,5319,,,,,,,,2022090500,23606740,37548
2022090400,4615586,11939,,,,,,,,2022090400,23569192,72144
2022090300,4603647,13899,,,,,,,,2022090300,23497048,79746
2022090200,4589795,15564,,,,,,,,2022090200,23417425,89586
2022090100,4574258,13325,,,,,,,,2022090100,23327897,81573
2022083100,4560954,15911,,,,,,,,2022083100,23246398,103961
2022083000,4545050,20418,,,,,,,,2022083000,23142479,115638
2022082900,4524644,5756,,,,,,,,2022082900,23026960,43142
2022082800,4518888,13052,,,,,,,,2022082800,22983818,85295
2022082700,4505836,14599,,,,,,,,2022082700,22898523,95604
2022082600,4491244,15757,,,,,,,,2022082600,22802985,101140
2022082500,4475520,17722,,,,,,,,2022082500,22701921,113371
2022082400,4457827,20578,,,,,,,,2022082400,22588640,139339
2022082300,4437282,25679,,,,,,,,2022082300,22449475,150258
2022082200,4411616,7395,,,,,,,,2022082200,22299377,59046
2022082100,4404221,16743,,,,,,,,2022082100,22240331,110944
2022082000,4387478,19973,,,,,,,,2022082000,22129387,129411
2022081900,4367518,21033,,,,,,,,2022081900,22000037,138812
2022081800,4346524,28375,,,,,,,,2022081800,21861296,178574
2022081700,4318180,32523,,,,,,,,2022081700,21682816,180803
2022081600,4285729,13060,,,,,,,,2022081600,21502164,84128
2022081500,4272669,8246,,,,,,,,2022081500,21418036,62078
2022081400,4264423,19596,,,,,,,,2022081400,21355958,119603
2022081300,4244827,21859,,,,,,,,2022081300,21236355,124592
2022081200,4222976,22835,,,,,,,,2022081200,21111840,128714
2022081100,4200150,24516,,,,,,,,2022081100,20983169,137241
2022081000,4175643,26068,,,,,,,,2022081000,20845973,151792
2022080900,4149586,29489,,,,,,,,2022080900,20694239,149897
2022080800,4120126,7867,,,,,,,,2022080800,20544420,55292
2022080700,4112259,18366,,,,,,,,2022080700,20489128,105507
2022080600,4093893,20160,,,,,,,,2022080600,20383621,110666
2022080500,4073752,20817,,,,,,,,2022080500,20273011,112901
2022080400,4052939,20239,,,,,,,,2022080400,20160154,107894
2022080300,4032709,23023,,,,,,,,2022080300,20052305,119922
2022080200,4009707,24615,,,,,,,,2022080200,19932439,111789
2022080100,3985115,7340,,,,,,,,2022080100,19820739,44689
2022073100,3977775,14149,,,,,,,,2022073100,19776050,73589
2022073000,3963626,16588,,,,,,,,2022073000,19702461,82002
2022072900,3947049,17517,,,,,,,,2022072900,19620517,85320
2022072800,3929537,18169,,,,,,,,2022072800,19535242,88384
2022072700,3911407,20083,,,,,,,,2022072700,19446946,100285
2022072600,3891336,23107,,,,,,,,2022072600,19346764,99327
2022072500,3868256,5967,,,,,,,,2022072500,19247496,35883
2022072400,3862289,13809,,,,,,,,2022072400,19211613,65433
2022072300,3848480,14830,,,,,,,,2022072300,19146180,68551
2022072200,3833658,15379,,,,,,,,2022072200,19077659,68632
2022072100,3818284,16670,,,,,,,,2022072100,19009080,71170
2022072000,3801622,17199,,,,,,,,2022072000,18937971,76402
2022071900,3784432,18038,,,,,,,,2022071900,18861593,73582
2022071800,3766412,4896,,,,,,,,2022071800,18788056,26299
2022071700,3761516,8565,,,,,,,,2022071700,18761757,40342
2022071600,3752951,9457,,,,,,,,2022071600,18721415,41310
2022071500,3743496,8951,,,,,,,,2022071500,18680142,38882
2022071400,3734550,9655,,,,,,,,2022071400,18641278,39196
2022071300,3724897,9363,,,,,,,,2022071300,18602109,40266
2022071200,3715539,9412,,,,,,,,2022071200,18561861,37360
2022071100,3706133,2622,,,,,,,,2022071100,18524538,12693
2022071000,3703511,5244,,,,,,,,2022071000,18511845,20410
2022070900,3698267,4900,,,,,,,,2022070900,18491435,20286
2022070800,3693368,4605,,,,,,,,2022070800,18471172,19323
2022070700,3688769,4580,,,,,,,,2022070700,18451862,18511
2022070600,3684190,4770,,,,,,,,2022070600,18433359,19371
2022070500,3679421,4779,,,,,,,,2022070500,18413997,18147
2022070400,3674645,1161,,,,,,,,2022070400,18395864,6253
2022070300,3673484,2440,,,,,,,,2022070300,18389611,10059
2022070200,3671044,2778,,,,,,,,2022070200,18379552,10715
2022070100,3668271,2340,,,,,,,,2022070100,18368857,9528
2022063000,3665933,2282,,,,,,,,2022063000,18359341,9595
2022062900,3663653,2479,,,,,,,,2022062900,18349756,10463
2022062800,3661177,2472,,,,,,,,2022062800,18339319,9896
2022062700,3658710,600,,,,,,,,2022062700,18329448,3429
2022062600,3658110,1310,,,,,,,,2022062600,18326019,6246
2022062500,3656800,1552,,,,,,,,2022062500,18319773,6790
2022062400,3655248,1605,,,,,,,,2022062400,18312993,7227
2022062300,3653647,1580,,,,,,,,2022062300,18305783,7497
2022062200,3652068,1778,,,,,,,,2022062200,18298341,8992
2022062100,3650291,2043,,,,,,,,2022062100,18289373,9310
2022062000,3648259,719,,,,,,,,2022062000,18280090,3538
2022061900,3647540,1108,,,,,,,,2022061900,18276552,6071
2022061800,3646432,1245,,,,,,,,2022061800,18270481,6842
2022061700,3645189,1280,,,,,,,,2022061700,18263643,7198
2022061600,3643911,1549,,,,,,,,2022061600,18256457,7994
2022061500,3642362,1690,,,,,,,,2022061500,18248479,9435
2022061400,3640674,1764,,,,,,,,2022061400,18239056,9778
2022061300,3638911,663,,,,,,,,2022061300,18229288,3828
2022061200,3638248,1160,,,,,,,,2022061200,18225460,7382
2022061100,3637088,1382,,,,,,,,2022061100,18218078,8378
2022061000,3635708,1537,,,,,,,,2022061000,18209650,9315
2022060900,3634172,2009,,,,,,,,2022060900,18200346,12161
2022060800,3632164,2628,,,,,,,,2022060800,18188200,13358
2022060700,3629545,952,,,,,,,,2022060700,18174880,6172
2022060600,3628593,738,,,,,,,,2022060600,18168708,5022
2022060500,3627855,1719,,,,,,,,2022060500,18163686,9835
2022060400,3626136,2254,,,,,,,,2022060400,18153851,12048
2022060300,3623883,2442,,,,,,,,2022060300,18141835,12542
2022060200,3621445,1823,,,,,,,,2022060200,18129313,9898
2022060100,3619622,2926,,,,,,,,2022060100,18119415,15797
2022053100,3616699,3340,,,,,,,,2022053100,18103638,17191
2022053000,3613359,1120,,,,,,,,2022053000,18086462,6139
2022052900,3612239,2018,,,,,,,,2022052900,18080323,12654
2022052800,3610221,2278,,,,,,,,2022052800,18067669,14398
2022052700,3607946,3032,,,,,,,,2022052700,18053287,16584
2022052600,3604920,2788,,,,,,,,2022052600,18036720,18816
2022052500,3602133,3586,,,,,,,,2022052500,18017923,23956
2022052400,3598555,4272,,,,,,,,2022052400,17993985,26344
2022052300,3594289,1213,,,,,,,,2022052300,17967672,9975
2022052200,3593076,2903,,,,,,,,2022052200,17957697,12928
2022052100,3590173,3589,,,,,,,,2022052100,17938399,23462
2022052000,3586586,4110,,,,,,,,2022052000,17914957,25125
2022051900,3582481,4557,,,,,,,,2022051900,17889849,28130
2022051800,3577930,5043,,,,,,,,2022051800,17861744,31352
2022051700,3572888,5889,,,,,,,,2022051700,17830429,35117
2022051600,3567016,1684,,,,,,,,2022051600,17795357,13296
2022051500,3565332,4025,,,,,,,,2022051500,17782061,25434
2022051400,3561307,4764,,,,,,,,2022051400,17756627,29581
2022051300,3556545,5178,,,,,,,,2022051300,17727086,32451
2022051200,3551375,5695,,,,,,,,2022051200,17694677,35906
2022051100,3545685,6208,,,,,,,,2022051100,17658794,43925
2022051000,3539483,8142,,,,,,,,2022051000,17614895,49933
2022050900,3531351,2715,,,,,,,,2022050900,17564999,20601
2022050800,3528636,5979,,,,,,,,2022050800,17544398,40064
2022050700,3522657,6641,,,,,,,,2022050700,17504334,39600
2022050600,3516017,3596,,,,,,,,2022050600,17464782,26714
2022050500,3512421,6645,,,,,,,,2022050500,17438068,42296
2022050400,3505780,7436,,,,,,,,2022050400,17395791,49064
2022050300,3498346,8709,,,,,,,,2022050300,17346753,51131
2022050200,3489696,2653,,,,,,,,2022050200,17295733,20084
2022050100,3487043,5462,,,,,,,,2022050100,17275649,37771
2022043000,3481581,6455,,,,,,,,2022043000,17237878,43286
2022042900,3475126,7726,,,,,,,,2022042900,17194616,50568
2022042800,3467402,9109,,,,,,,,2022042800,17144065,57464
2022042700,3458306,11517,,,,,,,,2022042700,17086626,76787
2022042600,3446789,13560,,,,,,,,2022042600,17009856,80361
2022042500,3433238,4763,,,,,,,,2022042500,16929564,34370
2022042400,3428475,10377,,,,,,,,2022042400,16895194,64725
2022042300,3418098,12352,,,,,,,,2022042300,16830469,75449
2022042200,3405751,13191,,,,,,,,2022042200,16755055,81058
2022042100,3392583,15192,,,,,,,,2022042100,16674045,90867
2022042000,3377399,18322,,,,,,,,2022042000,16583220,111319
2022041900,3359097,21819,,,,,,,,2022041900,16471940,118504
2022041800,3337282,7345,,,,,,,,2022041800,16353495,47743
2022041700,3329937,14805,,,,,,,,2022041700,16305752,93001
2022041600,3315132,18118,,,,,,,,2022041600,16212751,107916
2022041500,3297020,21450,,,,,,,,2022041500,16104869,125846
2022041400,3275574,24976,,,,,,,,2022041400,15979061,148443
2022041300,3250603,33076,,,,,,,,2022041300,15830644,195419
2022041200,3217532,39518,,,,,,,,2022041200,15635274,210755
2022041100,3178037,14247,,,,,,,,2022041100,15424598,90928
2022041000,3163790,28901,,,,,,,,2022041000,15333670,164481
2022040900,3134889,32320,,,,,,,,2022040900,15169189,185566
2022040800,3102577,36212,,,,,,,,2022040800,14983694,205333
2022040700,3066376,39888,,,,,,,,2022040700,14778405,224820
2022040600,3026503,52430,,,,,,,,2022040600,14553644,286294
2022040500,2974084,51500,,,,,,,,2022040500,14267401,266135
2022040400,2922636,20894,,,,,,,,2022040400,14001406,127190
2022040300,2901742,42109,,,,,,,,2022040300,13874216,234301
2022040200,2859633,48673,,,,,,,,2022040200,13639915,264103
2022040100,2810973,51717,,,,,,,,2022040100,13375818,280273
2022033100,2759294,60131,,,,,,,,2022033100,13095631,320743
2022033000,2699163,81824,,,,,,,,2022033000,12774956,424641
2022032900,2617360,66079,,,,,,,,2022032900,12350428,347554
2022032800,2551327,34190,,,,,,,,2022032800,12003054,187213
2022032700,2517137,59151,,,,,,,,2022032700,11815841,318130
2022032600,2457986,64026,,,,,,,,2022032600,11497711,335531
2022032500,2393995,66943,,,,,,,,2022032500,11162232,339514
2022032400,2327080,77770,,,,,,,,2022032400,10822836,395598
2022032300,2249310,101133,,,,,,,,2022032300,10427247,490881
2022032200,2148186,65033,,,,,,,,2022032200,9936540,353980
2022032100,2083188,41078,,,,,,,,2022032100,9582815,209169
2022032000,2042110,65870,,,,,,,,2022032000,9373646,334708
2022031900,2038438,82132,,,,,,,,2022031900,9038938,381454
2022031800,1894113,81997,,,,,,,,2022031800,8657609,407017
2022031700,1812116,128375,,,,,,,,2022031700,8250592,621266
2022031600,1683745,81395,,,,,,,,2022031600,7629275,400741
2022031500,1602354,66067,,,,,,,,2022031500,7228550,362338
2022031400,1536292,56807,,,,,,,,2022031400,6866222,309790
2022031300,1479502,67814,,,,,,,,2022031300,6556453,350190
2022031200,1411694,80437,,,,,,,,2022031200,6206277,383665
2022031100,1331263,56603,,,,,,,,2022031100,5822626,282987
2022031000,1274661,66859,,,,,,,,2022031000,5539650,327549
2022030900,1207803,74222,,,,,,,,2022030900,5212118,342446
2022030800,1133589,37484,,,,,,,,2022030800,4869691,202721
2022030700,1096106,39558,,,,,,,,2022030700,4666977,210716
2022030600,1056548,49450,,,,,,,,2022030600,4456264,243628
2022030500,1007099,53193,,,,,,,,2022030500,4212652,254327
2022030400,953906,59269,,,,,,,,2022030400,3958326,266853
2022030300,894637,43675,,,,,,,,2022030300,3691488,198803
2022030200,850962,46933,,,,,,,,2022030200,3492686,219241
2022030100,804029,27885,,,,,,,,2022030100,3273449,138993
2022022800,776144,27973,,,,,,,,2022022800,3134456,139626
2022022700,748173,35351,,,,,,,,2022022700,2994841,163566
2022022600,712822,36829,,,,,,,,2022022600,2831283,166209
2022022500,675993,35614,,,,,,,,2022022500,2665077,165890
2022022400,640379,37172,,,,,,,,2022022400,2499188,170016
2022022300,603209,41467,,,,,,,,2022022300,2329182,171452
2022022200,561744,21807,,,,,,,,2022022200,2157734,99573
2022022100,539938,20018,,,,,,,,2022022100,2058184,95362
2022022000,519923,22102,,,,,,,,2022022000,1962837,104829
2022021900,497821,23193,,,,,,,,2022021900,1858009,102211
2022021800,474628,25651,,,,,,,,2022021800,1755806,109831
2022021700,448977,19689,,,,,,,,2022021700,1645978,93135
2022021600,429289,18879,,,,,,,,2022021600,1552851,90443
2022021500,410410,12453,,,,,,,,2022021500,1462421,57177
2022021400,397957,11599,,,,,,,,2022021400,1405246,54619
2022021300,386358,11824,,,,,,,,2022021300,1350630,56431
2022021200,374534,13198,,,,,,,,2022021200,1294205,54941
2022021100,361336,11531,,,,,,,,2022021100,1239287,53926
2022021000,349805,11875,,,,,,,,2022021000,1185361,54122
2022020900,337930,11682,,,,,,,,2022020900,1131248,49567
2022020800,326253,5910,,,,,,,,2022020800,1081681,36719
2022020700,320343,6888,,,,,,,,2022020700,1044963,35286
2022020600,313462,7821,,,,,,,,2022020600,1009688,38691
2022020500,305641,8598,,,,,,,,2022020500,971018,36362
2022020400,297043,6160,,,,,,,,2022020400,934656,27443
2022020300,290883,5218,,,,,,,,2022020300,907214,22907
2022020200,285665,4209,,,,,,,,2022020200,884310,20270
2022020100,281456,4131,,,,,,,,2022020100,864042,18343
2022013100,277325,4193,,,,,,,,2022013100,845709,17085
2022013000,273132,4185,,,,,,,,2022013000,828637,17532
2022012900,268947,4199,,,,,,,,2022012900,811122,17542
2022012800,264748,3991,,,,,,,,2022012800,793582,16096
2022012700,260757,3429,,,,,,,,2022012700,777497,14518
2022012600,257330,3178,,,,,,,,2022012600,762983,13012
2022012500,254160,1724,,,,,,,,2022012500,749979,8571
2022012400,252437,1679,,,,,,,,2022012400,741413,7513
2022012300,250758,1694,,,,,,,,2022012300,733902,7630
2022012200,249065,1591,,,,,,,,2022012200,726274,7009
2022012100,247475,1552,,,,,,,,2022012100,719269,6769
2022012000,245925,1362,,,,,,,,2022012000,712503,6603
2022011900,244565,1231,,,,,,,,2022011900,705902,5805
2022011800,243337,763,,,,,,,,2022011800,700102,4072
2022011700,242574,790,,,,,,,,2022011700,696032,3859
2022011600,241784,925,,,,,,,,2022011600,692174,4194
2022011500,240862,912,,,,,,,,2022011500,687984,4423
2022011400,239950,939,,,,,,,,2022011400,683566,4542
2022011300,239014,978,,,,,,,,2022011300,679030,4167
2022011200,238039,1093,,,,,,,,2022011200,674868,4388
2022011100,236946,755,,,,,,,,2022011100,670483,3097
2022011000,236192,781,,,,,,,,2022011000,667390,3007
2022010900,235415,966,,,,,,,,2022010900,664391,3376
2022010800,234449,994,,,,,,,,2022010800,661015,3510
2022010700,233457,1038,,,,,,,,2022010700,657508,3717
2022010600,232419,1208,,,,,,,,2022010600,653792,4126
2022010500,231213,1412,,,,,,,,2022010500,649669,4444
2022010400,229801,938,,,,,,,,2022010400,645226,3024
2022010300,228867,993,,,,,,,,2022010300,642207,3129
2022010200,227879,1183,,,,,,,,2022010200,639083,3833
2022010100,226698,1464,,,,,,,,2022010100,635253,4416
2021123100,225235,1670,,,,,,,,2021123100,630838,4875
2021123000,223567,1722,,,,,,,,2021123000,625967,5037
2021122900,221847,1915,,,,,,,,2021122900,620938,5409
2021122800,219934,1290,,,,,,,,2021122800,615532,3865
2021122700,218646,1496,,,,,,,,2021122700,611670,4207
2021122600,217150,1917,,,,,,,,2021122600,607463,5419
2021122500,215233,2123,,,,,,,,2021122500,602045,5842
2021122400,213114,2346,,,,,,,,2021122400,596209,6233
2021122300,210768,2720,,,,,,,,2021122300,589978,6919
2021122200,208048,2805,,,,,,,,2021122200,583065,7456
2021122100,205249,1994,,,,,,,,2021122100,575615,5202
2021122000,203255,1908,,,,,,,,2021122000,570414,5318
2021121900,201347,2320,,,,,,,,2021121900,565098,6236
2021121800,199028,2794,,,,,,,,2021121800,558864,7314
2021121700,196234,2846,,,,,,,,2021121700,551551,7435
2021121600,193389,3057,,,,,,,,2021121600,544117,7622
2021121500,190332,3166,,,,,,,,2021121500,536495,7850
2021121400,187169,2062,,,,,,,,2021121400,528652,5567
2021121300,185108,2550,,,,,,,,2021121300,523088,5817
2021121200,182558,2528,,,,,,,,2021121200,512976,6689
2021121100,180031,2835,,,,,,,,2021121100,510583,6977
2021121000,177196,2800,,,,,,,,2021121000,503606,7022
2021120900,174396,2790,,,,,,,,2021120900,496584,7102
2021120800,171606,2901,,,,,,,,2021120800,489484,7175
2021120700,168705,2120,,,,,,,,2021120700,482310,4954
2021120600,166586,1408,,,,,,,,2021120600,477358,4325
2021120500,165178,2032,,,,,,,,2021120500,473034,5128
2021120400,163146,2273,,,,,,,,2021120400,467907,5352
2021120300,160873,2099,,,,,,,,2021120300,462555,4944
2021120200,158774,2268,,,,,,,,2021120200,457612,5266
2021120100,156507,2222,,,,,,,,2021120100,452350,5123
2021113000,154286,1186,,,,,,,,2021113000,447230,3032
2021112900,153100,1393,,,,,,,,2021112900,444200,3309
2021112800,151711,1676,,,,,,,,2021112800,440896,3928
2021112700,150035,1888,,,,,,,,2021112700,436968,4068
2021112600,148147,1742,,,,,,,,2021112600,432901,3901
2021112500,146406,1760,,,,,,,,2021112500,429002,3938
2021112400,144647,1735,,,,,,,,2021112400,425065,4116
2021112300,142913,1165,,,,,,,,2021112300,420950,2699
2021112200,141748,1278,,,,,,,,2021112200,418252,2827
2021112100,140470,1320,,,,,,,,2021112100,415425,3120
2021112000,139154,1377,,,,,,,,2021112000,412311,3212
2021111900,137777,1401,,,,,,,,2021111900,409099,3034
2021111800,136376,1429,,,,,,,,2021111800,406065,3292
2021111700,134948,1436,,,,,,,,2021111700,402775,3187
2021111600,133513,846,,,,,,,,2021111600,399591,2125
2021111500,132668,859,,,,,,,,2021111500,397466,2006
2021111400,131809,978,,,,,,,,2021111400,395460,2419
2021111300,130831,1005,,,,,,,,2021111300,393042,2325
2021111200,129827,949,,,,,,,,2021111200,390719,2368
2021111100,128878,1004,,,,,,,,2021111100,388351,2520
2021111000,127874,973,,,,,,,,2021111000,385831,2425
2021110900,126901,662,,,,,,,,2021110900,383407,1715
2021110800,126241,709,,,,,,,,2021110800,381694,1760
2021110700,125533,848,,,,,,,,2021110700,379935,2224
2021110600,124685,916,,,,,,,,2021110600,377712,2248
2021110500,123769,980,,,,,,,,2021110500,375464,2344
2021110400,122789,946,,,,,,,,2021110400,373120,2482
2021110300,121843,1004,,,,,,,,2021110300,370640,2667
2021110200,120840,600,,,,,,,,2021110200,367974,1589
2021110100,120240,646,,,,,,,,2021110100,366386,1686
2021103100,119594,760,,,,,,,,2021103100,364700,2061
2021103000,118834,706,,,,,,,,2021103000,362639,2104
2021102900,118128,770,,,,,,,,2021102900,360536,2124
2021102800,117358,788,,,,,,,,2021102800,358412,2111
2021102700,116572,729,,,,,,,,2021102700,356305,1952
2021102600,115844,427,,,,,,,,2021102600,354355,1266
2021102500,115417,455,,,,,,,,2021102500,353089,1190
2021102400,114962,520,,,,,,,,2021102400,351899,1423
2021102300,114442,551,,,,,,,,2021102300,350476,1508
2021102200,113891,519,,,,,,,,2021102200,348969,1440
2021102100,113372,506,,,,,,,,2021102100,347529,1441
2021102000,112866,504,,,,,,,,2021102000,346088,1571
2021101900,112363,298,,,,,,,,2021101900,344518,1073
2021101800,112065,355,,,,,,,,2021101800,343445,1050
2021101700,111710,506,,,,,,,,2021101700,342396,1420
2021101600,111205,586,,,,,,,,2021101600,340978,1618
2021101500,110620,681,,,,,,,,2021101500,339361,1684
2021101400,109940,748,,,,,,,,2021101400,337679,1940
2021101300,109195,583,,,,,,,,2021101300,335742,1584
2021101200,108617,482,,,,,,,,2021101200,334163,1347
2021101100,108135,511,,,,,,,,2021101100,332816,1297
2021101000,107624,583,,,,,,,,2021101000,331519,1594
2021100900,107041,712,,,,,,,,2021100900,329925,1953
2021100800,106332,776,,,,,,,,2021100800,327976,2176
2021100700,105558,837,,,,,,,,2021100700,325804,2427
2021100600,104723,690,,,,,,,,2021100600,323379,2028
2021100500,104033,521,,,,,,,,2021100500,321352,1575
2021100400,103512,574,,,,,,,,2021100400,319777,1673
2021100300,102939,736,,,,,,,,2021100300,318104,2085
2021100200,102204,793,,,,,,,,2021100200,316020,2248
2021100100,101411,916,,,,,,,,2021100100,313773,2486
2021093000,100495,945,,,,,,,,2021093000,311289,2564
2021092900,99550,1054,,,,,,,,2021092900,308725,2885
2021092800,98497,842,,,,,,,,2021092800,305842,2289
2021092700,97655,778,,,,,,,,2021092700,303553,2383
2021092600,96877,928,,,,,,,,2021092600,301172,2771
2021092500,95949,1222,,,,,,,,2021092500,298402,3273
2021092400,94728,907,,,,,,,,2021092400,295132,2434
2021092300,93821,645,,,,,,,,2021092300,292699,1716
2021092200,93176,644,,,,,,,,2021092200,290983,1720
2021092100,92532,676,,,,,,,,2021092100,289263,1729
2021092000,91856,583,,,,,,,,2021092000,287536,1605
2021091900,91273,742,,,,,,,,2021091900,285931,1910
2021091800,90532,703,,,,,,,,2021091800,284022,2087
2021091700,89829,746,,,,,,,,2021091700,281938,2008
2021091600,89083,719,,,,,,,,2021091600,279930,1943
2021091500,88364,808,,,,,,,,2021091500,277989,2080
2021091400,87556,539,,,,,,,,2021091400,275910,1497
2021091300,87018,556,,,,,,,,2021091300,274415,1433
2021091200,86462,658,,,,,,,,2021091200,272982,1755
2021091100,85804,659,,,,,,,,2021091100,271227,1865
2021091000,85145,670,,,,,,,,2021091000,269362,1892
2021090900,84475,667,,,,,,,,2021090900,267470,2049
2021090800,83808,671,,,,,,,,2021090800,265423,2050
2021090700,83138,482,,,,,,,,2021090700,263374,1597
2021090600,82657,464,,,,,,,,2021090600,261778,1375
2021090500,82193,508,,,,,,,,2021090500,260403,1490
2021090400,81685,566,,,,,,,,2021090400,258913,1804
2021090300,81119,542,,,,,,,,2021090300,257110,1709
2021090200,80577,559,,,,,,,,2021090200,255401,1961
2021090100,80019,665,,,,,,,,2021090100,253445,2025
2021083100,79354,456,,,,,,,,2021083100,251421,1372
2021083000,78899,444,,,,,,,,2021083000,250051,1487
2021082900,78455,517,,,,,,,,2021082900,248568,1619
2021082800,77940,569,,,,,,,,2021082800,246951,1793
2021082700,77371,557,,,,,,,,2021082700,245158,1841
2021082600,76814,570,,,,,,,,2021082600,243317,1882
2021082500,76245,677,,,,,,,,2021082500,241439,2155
2021082400,75570,438,,,,,,,,2021082400,239287,1509
2021082300,75136,388,,,,,,,,2021082300,237782,1418
2021082200,74749,499,,,,,,,,2021082200,236366,1628
2021082100,74251,526,,,,,,,,2021082100,234739,1880
2021082000,73725,556,,,,,,,,2021082000,232859,2052
2021081900,73169,575,,,,,,,,2021081900,230808,2152
2021081800,72594,510,,,,,,,,2021081800,228657,1805
2021081700,72086,366,,,,,,,,2021081700,226854,1373
2021081600,71720,364,,,,,,,,2021081600,225481,1556
2021081500,71358,488,,,,,,,,2021081500,223928,1817
2021081400,70870,515,,,,,,,,2021081400,222111,1930
2021081300,70355,524,,,,,,,,2021081300,220182,1990
2021081200,69831,526,,,,,,,,2021081200,218192,1987
2021081100,69306,661,,,,,,,,2021081100,216206,2223
2021081000,68646,360,,,,,,,,2021081000,213987,1540
2021080900,68287,415,,,,,,,,2021080900,212448,1492
2021080800,67872,450,,,,,,,,2021080800,210956,1729
2021080700,67422,503,,,,,,,,2021080700,209228,1823
2021080600,66919,464,,,,,,,,2021080600,207406,1704
2021080500,66455,466,,,,,,,,2021080500,205702,1776
2021080400,65989,486,,,,,,,,2021080400,203926,1725
2021080300,65503,311,,,,,,,,2021080300,202203,1202
2021080200,65193,365,,,,,,,,2021080200,201002,1219
2021080100,64832,473,,,,,,,,2021080100,199787,1442
2021073100,64359,476,,,,,,,,2021073100,198345,1539
2021073000,63883,488,,,,,,,,2021073000,196806,1710
2021072900,63396,515,,,,,,,,2021072900,195099,1674
2021072800,62881,573,,,,,,,,2021072800,193427,1896
2021072700,62308,351,,,,,,,,2021072700,191531,1365
2021072600,61957,341,,,,,,,,2021072600,190166,1318
2021072500,61616,489,,,,,,,,2021072500,188848,1487
2021072400,61128,465,,,,,,,,2021072400,187362,1629
2021072300,60663,520,,,,,,,,2021072300,185733,1630
2021072200,60143,499,,,,,,,,2021072200,184103,1842
2021072100,59644,604,,,,,,,,2021072100,182265,1784
2021072000,59040,394,,,,,,,,2021072000,180481,1278
2021071900,58646,419,,,,,,,,2021071900,179203,1252
2021071800,58227,523,,,,,,,,2021071800,177951,1454
2021071700,57704,562,,,,,,,,2021071700,176500,1455
2021071600,57142,570,,,,,,,,2021071600,175046,1536
2021071500,56573,520,,,,,,,,2021071500,173511,1600
2021071400,56053,638,,,,,,,,2021071400,171911,1615
2021071300,55415,417,,,,,,,,2021071300,170296,1150
2021071200,54998,403,,,,,,,,2021071200,169146,1100
2021071100,54595,509,,,,,,,,2021071100,168046,1324
2021071000,54086,509,,,,,,,,2021071000,166722,1378
2021070900,53577,503,,,,,,,,2021070900,165344,1316
2021070800,53074,550,,,,,,,,2021070800,164028,1275
2021070700,52524,583,,,,,,,,2021070700,162753,1212
2021070600,51941,320,,,,,,,,2021070600,161541,746
2021070500,51621,307,,,,,,,,2021070500,160795,711
2021070400,51314,289,,,,,,,,2021070400,160084,743
2021070300,51026,359,,,,,,,,2021070300,159342,794
2021070200,50668,347,,,,,,,,2021070200,158549,826
2021070100,50321,334,,,,,,,,2021070100,157723,762
2021063000,49987,375,,,,,,,,2021063000,156961,794
2021062900,49612,205,,,,,,,,2021062900,156167,595
2021062800,49407,185,,,,,,,,2021062800,155572,501
2021062700,49222,242,,,,,,,,2021062700,155071,614
2021062600,48980,263,,,,,,,,2021062600,154457,668
2021062500,48717,269,,,,,,,,2021062500,153789,634
2021062400,48448,252,,,,,,,,2021062400,153155,610
2021062300,48196,236,,,,,,,,2021062300,152545,645
2021062200,47961,132,,,,,,,,2021062200,151901,395
2021062100,47829,134,,,,,,,,2021062100,151506,357
2021062000,47695,165,,,,,,,,2021062000,151149,429
2021061900,47530,197,,,,,,,,2021061900,150720,482
2021061800,47333,200,,,,,,,,2021061800,150238,507
2021061700,47133,201,,,,,,,,2021061700,149731,540
2021061600,46932,201,,,,,,,,2021061600,149192,545
2021061500,46732,132,,,,,,,,2021061500,148647,374
2021061400,46600,122,,,,,,,,2021061400,148273,399
2021061300,46478,176,,,,,,,,2021061300,147874,452
2021061200,46302,208,,,,,,,,2021061200,147422,565
2021061100,46096,204,,,,,,,,2021061100,146859,556
2021061000,45892,213,,,,,,,,2021061000,146303,611
2021060900,45679,183,,,,,,,,2021060900,145692,602
2021060800,45497,139,,,,,,,,2021060800,145091,454
2021060700,45358,159,,,,,,,,2021060700,144637,485
2021060600,45199,179,,,,,,,,2021060600,144152,556
2021060500,45020,277,,,,,,,,2021060500,143596,744
2021060400,44743,206,,,,,,,,2021060400,142852,695
2021060300,44537,215,,,,,,,,2021060300,142157,681
2021060200,44322,258,,,,,,,,2021060200,141476,677
2021060100,44064,147,,,,,,,,2021060100,140799,459
2021053100,43917,130,,,,,,,,2021053100,140340,430
2021053000,43787,160,,,,,,,,2021053000,139910,480
2021052900,43627,194,,,,,,,,2021052900,139431,533
2021052800,43433,214,,,,,,,,2021052800,138898,587
2021052700,43219,218,,,,,,,,2021052700,138311,629
2021052600,43001,262,,,,,,,,2021052600,137682,707
2021052500,42739,138,,,,,,,,2021052500,136983,516
2021052400,42601,139,,,,,,,,2021052400,136467,538
2021052300,42462,181,,,,,,,,2021052300,135929,585
2021052200,42281,208,,,,,,,,2021052200,135344,666
2021052100,42073,172,,,,,,,,2021052100,134678,561
2021052000,41901,242,,,,,,,,2021052000,134117,646
2021051900,41659,249,,,,,,,,2021051900,133471,654
2021051800,41410,172,,,,,,,,2021051800,132818,528
2021051700,41238,195,,,,,,,,2021051700,132290,619
2021051600,41043,213,,,,,,,,2021051600,131671,610
2021051500,40830,254,,,,,,,,2021051500,131061,681
2021051400,40576,231,,,,,,,,2021051400,130380,747
2021051300,40345,227,,,,,,,,2021051300,129633,715
2021051200,40118,223,,,,,,,,2021051200,128918,635
2021051200,40118,223,,,,,,,,2021051200,128918,635
2021051100,39895,163,,,,,,,,2021051100,128283,511
2021051000,39732,141,,,,,,,,2021051000,127772,463
2021050900,39591,195,,,,,,,,2021050900,127309,564
2021050800,39396,242,,,,,,,,2021050800,126745,701
2021050700,39154,179,,,,,,,,2021050700,126044,525
2021050600,38975,212,,,,,,,,2021050600,125519,574
2021050500,38763,238,,,,,,,,2021050500,124945,676
2021050400,38525,184,,,,,,,,2021050400,124269,541
2021050300,38341,127,,,,,,,,2021050300,123728,488
2021050200,38214,182,,,,,,,,2021050200,123240,606
2021050100,38032,195,,,,,,,,2021050100,122634,627
2021043000,37837,227,,,,,,,,2021043000,122007,661
2021042900,37610,227,,,,,,,,2021042900,121351,680
2021042800,37385,259,,,,,,,,2021042800,120673,775
2021042700,37126,116,,,,,,,,2021042700,119898,512
2021042600,37010,154,,,,,,,,2021042600,119387,500
2021042500,36856,175,,,,,,,,2021042500,118887,644
2021042400,36681,253,,,,,,,,2021042400,118243,785
2021042300,36428,204,,,,,,,,2021042300,117458,797
2021042200,36224,230,,,,,,,,2021042200,116661,735
2021042100,35994,218,,,,,,,,2021042100,115926,731
2021042000,35776,148,,,,,,,,2021042000,115195,549
2021041900,35628,137,,,,,,,,2021041900,114646,532
2021041800,35492,205,,,,,,,,2021041800,114115,672
2021041700,35287,217,,,,,,,,2021041700,113444,658
2021041600,35070,216,,,,,,,,2021041600,112789,673
2021041500,34855,217,,,,,,,,2021041500,112117,698
2021041400,34638,247,,,,,,,,2021041400,111419,731
2021041300,34391,158,,,,,,,,2021041300,110688,542
2021041200,34233,162,,,,,,,,2021041200,110146,587
2021041100,34071,214,,,,,,,,2021041100,109559,614
2021041000,33857,201,,,,,,,,2021041000,108945,677
2021040900,33656,215,,,,,,,,2021040900,108269,671
2021040800,33441,244,,,,,,,,2021040800,107598,700
2021040700,33197,198,,,,,,,,2021040700,106898,668
2021040600,32999,147,,,,,,,,2021040600,106230,478
2021040500,32852,152,,,,,,,,2021040500,105752,473
2021040400,32700,149,,,,,,,,2021040400,105279,543
2021040300,32551,155,,,,,,,,2021040300,104736,543
2021040200,32397,167,,,,,,,,2021040200,104194,558
2021040100,32233,199,,,,,,,,2021040100,103639,551
2021033100,32034,158,,,,,,,,2021033100,103088,506
2021033000,31876,145,,,,,,,,2021033000,102582,447
2021032900,31731,107,,,,,,,,2021032900,102141,384
2021032800,31624,138,,,,,,,,2021032800,101757,482
2021032700,31486,127,,,,,,,,2021032700,101275,505
2021032600,31359,122,,,,,,,,2021032600,100770,494
2021032500,31237,127,,,,,,,,2021032500,100276,430
2021032400,31110,137,,,,,,,,2021032400,99846,428
2021032300,30976,97,,,,,,,,2021032300,99421,346
2021032200,30879,109,,,,,,,,2021032200,99075,415
2021032100,30775,125,,,,,,,,2021032100,98665,456
2021032000,30650,120,,,,,,,,2021032000,98209,452
2021031900,30530,146,,,,,,,,2021031900,97757,463
2021031800,30384,124,,,,,,,,2021031800,97294,445
2021031700,30260,120,,,,,,,,2021031700,96849,469
2021031600,30140,79,,,,,,,,2021031600,96380,363
2021031500,30061,112,,,,,,,,2021031500,96017,382
2021031400,29949,112,,,,,,,,2021031400,95635,459
2021031300,29837,140,,,,,,,,2021031300,95176,490
2021031200,29697,140,,,,,,,,2021031200,94686,488
2021031100,29557,138,,,,,,,,2021031100,94198,465
2021031000,29419,138,,,,,,,,2021031000,93733,470
2021030900,29281,102,,,,,,,,2021030900,93263,446
2021030800,29179,100,,,,,,,,2021030800,92817,346
2021030700,29079,132,,,,,,,,2021030700,92471,416
2021030600,28947,128,,,,,,,,2021030600,92055,418
2021030500,28820,129,,,,,,,,2021030500,91638,398
2021030400,28691,118,,,,,,,,2021030400,91240,424
2021030300,28573,119,,,,,,,,2021030300,90816,444
2021030200,28454,122,,,,,,,,2021030200,90372,344
2021030100,28332,92,,,,,,,,2021030100,90029,355
2021022800,28240,120,,,,,,,,2021022800,89676,356
2021022700,28120,131,,,,,,,,2021022700,89321,415
2021022600,27989,132,,,,,,,,2021022600,88922,406
2021022500,27857,122,,,,,,,,2021022500,88516,396
2021022400,27735,144,,,,,,,,2021022400,88120,440
2021022300,27592,126,,,,,,,,2021022300,87681,357
2021022200,27466,106,,,,,,,,2021022200,87324,332
2021022100,27360,130,,,,,,,,2021022100,86992,416
2021022000,27230,123,,,,,,,,2021022000,86574,446
2021021900,27107,180,,,,,,,,2021021900,86128,561
2021021800,26927,185,,,,,,,,2021021800,85567,621
2021021700,26742,258,,,,,,,,2021021700,84946,621
2021021600,26484,161,,,,,,,,2021021600,84325,457
2021021500,26324,151,,,,,,,,2021021500,83869,344
2021021400,26173,152,,,,,,,,2021021400,83525,326
2021021300,26021,136,,,,,,,,2021021300,83199,362
2021021200,25885,158,,,,,,,,2021021200,82837,403
2021021100,25727,183,,,,,,,,2021021100,82434,504
2021021000,25544,175,,,,,,,,2021021000,81930,444
2021020900,25369,90,,,,,,,,2021020900,81487,303
2021020800,25279,112,,,,,,,,2021020800,81190,289
2021020700,25167,144,,,,,,,,2021020700,80896,372
2021020600,25023,143,,,,,,,,2021020600,80524,393
2021020500,24880,126,,,,,,,,2021020500,80131,370
2021020400,24755,172,,,,,,,,2021020400,79762,451
2021020300,24583,188,,,,,,,,2021020300,79311,467
2021020200,24395,128,,,,,,,,2021020200,78844,336
2021020100,24267,107,,,,,,,,2021020100,78508,305
2021013100,24162,101,,,,,,,,2021013100,78205,355
2021013000,24061,154,,,,,,,,2021013000,77850,458
2021012900,23908,112,,,,,,,,2021012900,77395,469
2021012800,23797,105,,,,,,,,2021012800,76926,497
2021012700,23692,129,,,,,,,,2021012700,76429,559
2021012600,23563,104,,,,,,,,2021012600,75875,354
2021012500,23459,102,,,,,,,,2021012500,75521,437
2021012400,23357,133,,,,,,,,2021012400,75084,392
2021012300,23224,127,,,,,,,,2021012300,74692,431
2021012200,23097,115,,,,,,,,2021012200,74262,346
2021012100,22984,125,,,,,,,,2021012100,73918,401
2021012000,22859,143,,,,,,,,2021012000,73518,404
2021011900,22717,101,,,,,,,,2021011900,73115,386
2021011800,22616,132,,,,,,,,2021011800,72729,389
2021011700,22484,145,,,,,,,,2021011700,72340,520
2021011600,22339,156,,,,,,,,2021011600,71820,580
2021011500,22183,127,,,,,,,,2021011500,71241,513
2021011400,22056,134,,,,,,,,2021011400,70728,524
2021011300,21922,152,,,,,,,,2021011300,70212,562
2021011200,21771,167,,,,,,,,2021011200,69651,537
2021011100,21604,141,,,,,,,,2021011100,69114,451
2021011000,21463,187,,,,,,,,2021011000,68664,665
2021010900,21276,188,,,,,,,,2021010900,67999,641
2021010800,21088,191,,,,,,,,2021010800,67358,674
2021010700,20899,298,,,,,,,,2021010700,66686,870
2021010600,20602,264,,,,,,,,2021010600,65818,840
2021010500,20338,199,,,,,,,,2021010500,64979,715
2021010400,20138,329,,,,,,,,2021010400,64264,1020
2021010300,19809,197,,,,,,,,2021010300,63244,657
2021010200,19614,251,,,,,,,,2021010200,62593,824
2021010100,19363,359,,,,,,,,2021010100,61769,1029
2020123100,19004,366,,,,,,,,2020123100,60740,967
2020123000,18638,387,,,,,,,,2020123000,59773,1050
2020122900,18253,523,,,,,,,,2020122900,58725,1046
2020122800,17731,301,,,,,,,,2020122800,57680,808
2020122700,17430,362,,,,,,,,2020122700,56872,970
2020122600,17068,466,,,,,,,,2020122600,55902,1132
2020122500,16602,552,,,,,,,,2020122500,54770,1216
2020122400,16050,319,,,,,,,,2020122400,53533,985
2020122300,15732,376,,,,,,,,2020122300,52550,1092
2020122200,15356,317,,,,,,,,2020122200,51460,869
2020122100,15039,328,,,,,,,,2020122100,50591,926
2020122000,14711,473,,,,,,,,2020122000,49665,1097
2020121900,14240,384,,,,,,,,2020121900,48570,1053
2020121800,13856,398,,,,,,,,2020121800,47515,1062
2020121700,13458,423,,,,,,,,2020121700,46453,1014
2020121600,13035,378,,,,,,,,2020121600,45442,1078
2020121500,12657,251,,,,,,,,2020121500,44364,880
2020121400,12406,219,,,,,,,,2020121400,43484,718
2020121300,12187,399,,,,,,,,2020121300,42766,1030
2020121200,11788,362,,,,,,,,2020121200,41736,950
2020121100,11426,252,,,,,,,,2020121100,40786,689
2020121000,11175,251,,,,,,,,2020121000,40098,682
2020120900,10932,270,,,,,,,,2020120900,39432,686
2020120800,10663,214,,,,,,,,2020120800,38755,594
2020120700,10449,244,,,,,,,,2020120700,38161,615
2020120600,10205,254,,,,,,,,2020120600,37546,631
2020120500,9951,235,,,,,,,,2020120500,36915,583
2020120400,9716,295,,,,,,,,2020120400,36332,629
2020120300,9421,262,,,,,,,,2020120300,35703,540
2020120200,9159,193,,,,,,,,2020120200,35163,511
2020120100,8966,155,,,,,,,,2020120100,34652,451
2020113000,8811,159,,,,,,,,2020113000,34201,438
2020112900,8652,158,,,,,,,,2020112900,33824,450
2020112800,8494,178,,,,,,,,2020112800,33375,504
2020112700,8317,204,,,,,,,,2020112700,32887,569
2020112600,8113,213,,,,,,,,2020112600,32318,583
2020112500,7900,142,,,,,,,,2020112500,31735,382
2020112400,7758,133,,,,,,,,2020112400,31353,349
2020112300,7625,112,,,,,,,,2020112300,31004,271
2020112200,7513,121,,,,,,,,2020112200,30733,330
2020112100,7392,156,,,,,,,,2020112100,30403,386
2020112000,7236,132,,,,,,,,2020112000,30017,363
2020111900,7104,109,,,,,,,,2020111900,29654,343
2020111800,6995,92,,,,,,,,2020111800,29311,313
2020111700,6903,90,,,,,,,,2020111700,28998,230
2020111600,6814,81,,,,,,,,2020111600,28769,223
2020111500,6733,85,,,,,,,,2020111500,28546,208
2020111400,6648,69,,,,,,,,2020111400,28338,205
2020111300,6579,74,,,,,,,,2020111300,28133,191
2020111200,6505,53,,,,,,,,2020111200,27942,143
2020111100,6452,45,,,,,,,,2020111100,27799,146
2020111000,6407,35,,,,,,,,2020111000,27653,100
2020110900,6372,46,,,,,,,,2020110900,27553,126
2020110800,6326,54,,,,,,,,2020110800,27427,143
2020110700,6272,37,,,,,,,,2020110700,27284,89
2020110600,6235,40,,,,,,,,2020110600,27195,145
2020110500,6195,50,,,,,,,,2020110500,27050,125
2020110400,6145,42,,,,,,,,2020110400,26925,118
2020110300,6103,22,,,,,,,,2020110300,26807,75
2020110200,6081,25,,,,,,,,2020110200,26732,97
2020110100,6056,45,,,,,,,,2020110100,26635,124
2020103100,6011,52,,,,,,,,2020103100,26511,127
2020103000,5960,48,,,,,,,,2020103000,26385,114
2020102900,5912,36,,,,,,,,2020102900,26271,125
2020102800,5876,25,,,,,,,,2020102800,26146,103
2020102700,5851,24,,,,,,,,2020102700,26043,88
2020102600,5827,20,,,,,,,,2020102600,25955,119
2020102500,5807,17,,,,,,,,2020102500,25836,61
2020102400,5790,22,,,,,,,,2020102400,25775,77
2020102300,5768,20,,,,,,,,2020102300,25698,155
2020102200,5748,18,,,,,,,,2020102200,25543,121
2020102100,5730,17,,,,,,,,2020102100,25424,91
2020102000,5713,11,,,,,,,,2020102000,25333,58
2020101900,5702,14,,,,,,,,2020101900,25275,76
2020101800,5688,20,,,,,,,,2020101800,25199,91
2020101700,5668,18,,,,,,,,2020101700,25108,73
2020101600,5650,18,,,,,,,,2020101600,25035,47
2020101500,5632,25,,,,,,,,2020101500,24988,110
2020101400,5607,23,,,,,,,,2020101400,24889,84
2020101300,5584,20,,,,,,,,2020101300,24805,102
2020101200,5564,31,,,,,,,,2020101200,24703,97
2020101100,5533,23,,,,,,,,2020101100,24606,58
2020101000,5510,25,,,,,,,,2020101000,24548,72
2020100900,5485,22,,,,,,,,2020100900,24476,54
2020100800,5463,20,,,,,,,,2020100800,24422,69
2020100700,5443,33,,,,,,,,2020100700,24353,114
2020100600,5410,15,,,,,,,,2020100600,24239,75
2020100500,5395,19,,,,,,,,2020100500,24164,73
2020100400,5376,16,,,,,,,,2020100400,24091,64
2020100300,5360,26,,,,,,,,2020100300,24027,75
2020100200,5334,11,,,,,,,,2020100200,23952,63
2020100100,5323,30,,,,,,,,2020100100,23889,77
2020093000,5293,51,,,,,,,,2020093000,23812,113
2020092900,5242,11,,,,,,,,2020092900,23699,38
2020092800,5231,19,,,,,,,,2020092800,23661,50
2020092700,5212,34,,,,,,,,2020092700,23611,95
2020092600,5178,26,,,,,,,,2020092600,23516,61
2020092500,5152,57,,,,,,,,2020092500,23455,114
2020092400,5095,39,,,,,,,,2020092400,23341,125
2020092300,5056,40,,,,,,,,2020092300,23216,110
2020092200,5016,21,,,,,,,,2020092200,23106,61
2020092100,4995,23,,,,,,,,2020092100,23045,70
2020092000,4972,28,,,,,,,,2020092000,22975,82
2020091900,4944,40,,,,,,,,2020091900,22893,110
2020091800,4904,46,,,,,,,,2020091800,22783,126
2020091700,4857,63,,,,,,,,2020091700,22657,153
2020091600,4794,51,,,,,,,,2020091600,22504,113
2020091500,4743,32,,,,,,,,2020091500,22391,106
2020091400,4711,41,,,,,,,,2020091400,22285,109
2020091300,4670,31,,,,,,,,2020091300,22176,121
2020091200,4639,50,,,,,,,,2020091200,22055,136
2020091100,4589,63,,,,,,,,2020091100,21919,176
2020091000,4526,48,,,,,,,,2020091000,21743,155
2020090900,4478,49,,,,,,,,2020090900,21588,156
2020090800,4429,67,,,,,,,,2020090800,21432,136
2020090700,4362,48,,,,,,,,2020090700,21296,119
2020090600,4314,63,,,,,,,,2020090600,21177,167
2020090500,4251,51,,,,,,,,2020090500,21010,168
2020090400,4201,68,,,,,,,,2020090400,20842,198
2020090300,4131,69,,,,,,,,2020090300,20644,195
2020090200,4062,101,,,,,,,,2020090200,20449,267
2020090100,3961,94,,,,,,,,2020090100,20182,235
2020083100,3867,94,,,,,,,,2020083100,19947,248
2020083000,3773,116,,,,,,,,2020083000,19699,299
2020082900,3657,125,,,,,,,,2020082900,19400,323
2020082800,3532,146,,,,,,,,2020082800,19077,371
2020082700,3386,154,,,,,,,,2020082700,18706,441
2020082600,3232,112,,,,,,,,2020082600,18265,320
2020082500,3120,134,,,,,,,,2020082500,17945,280
2020082400,2986,97,,,,,,,,2020082400,17665,266
2020082300,2889,140,,,,,,,,2020082300,17399,397
2020082200,2749,128,,,,,,,,2020082200,17002,332
2020082100,2621,126,,,,,,,,2020082100,16670,324
2020082000,2495,135,,,,,,,,2020082000,16346,288
2020081900,2360,151,,,,,,,,2020081900,16058,297
2020081800,2209,132,,,,,,,,2020081800,15761,246
2020081700,2077,90,,,,,,,,2020081700,15515,197
2020081600,1987,146,,,,,,,,2020081600,15318,279
2020081500,1841,74,,,,,,,,2020081500,15039,166
2020081400,1767,32,,,,,,,,2020081400,14873,103
2020081300,1735,26,,,,,,,,2020081300,14770,56
2020081200,1709,15,,,,,,,,2020081200,14714,54
2020081100,1694,6,,,,,,,,2020081100,14660,34
2020081000,1688,13,,,,,,,,2020081000,14626,28
2020080900,1675,13,,,,,,,,2020080900,14598,36
2020080800,1662,17,,,,,,,,2020080800,14562,43
2020080700,1645,9,,,,,,,,2020080700,14519,20
2020080600,1636,9,,,,,,,,2020080600,14499,43
2020080500,1627,6,,,,,,,,2020080500,14456,33
2020080400,1621,9,,,,,,,,2020080400,14423,34
2020080300,1612,5,,,,,,,,2020080300,14389,23
2020080200,1607,5,,,,,,,,2020080200,14366,30
2020080100,1602,2,,,,,,,,2020080100,14336,31
2020073100,1600,8,,,,,,,,2020073100,14305,36
2020073000,1592,3,,,,,,,,2020073000,14269,18
2020072900,1589,9,,,,,,,,2020072900,14251,48
2020072800,1580,6,,,,,,,,2020072800,14203,28
2020072700,1574,9,,,,,,,,2020072700,14175,25
2020072600,1565,7,,,,,,,,2020072600,14150,58
2020072500,1558,11,,,,,,,,2020072500,14092,113
2020072400,1547,21,,,,,,,,2020072400,13979,41
2020072300,1526,12,,,,,,,,2020072300,13938,59
2020072200,1514,16,,,,,,,,2020072200,13879,63
2020072100,1498,21,,,,,,,,2020072100,13816,45
2020072000,1477,3,,,,,,,,2020072000,13771,26
2020071900,1474,10,,,,,,,,2020071900,13745,34
2020071800,1464,6,,,,,,,,2020071800,13711,60
2020071700,1458,9,,,,,,,,2020071700,13672,60
2020071600,1449,7,,,,,,,,2020071600,13612,61
2020071500,1442,6,,,,,,,,2020071500,13551,39
2020071400,1436,7,,,,,,,,2020071400,13512,33
2020071300,1429,13,,,,,,,,2020071300,13479,62
2020071200,1416,7,,,,,,,,2020071200,13417,44
2020071100,1409,8,,,,,,,,2020071100,13373,35
2020071000,1401,8,,,,,,,,2020071000,13338,45
2020070900,1393,8,,,,,,,,2020070900,13293,50
2020070800,1385,10,,,,,,,,2020070800,13244,63
2020070700,1375,3,,,,,,,,2020070700,13181,44
2020070600,1372,3,,,,,,,,2020070600,13127,48
2020070500,1369,16,,,,,,,,2020070500,13091,61
2020070400,1353,7,,,,,,,,2020070400,13030,63
2020070300,1346,12,,,,,,,,2020070300,12967,63
2020070200,1334,13,,,,,,,,2020070200,12904,54
2020070100,1321,9,,,,,,,,2020070100,12850,51
2020063000,1312,7,,,,,,,,2020063000,12800,43
2020062900,1305,7,,,,,,,,2020062900,12757,42
2020062800,1298,14,,,,,,,,2020062800,12715,63
2020062700,1284,17,,,,,,,,2020062700,12653,51
2020062600,1267,17,,,,,,,,2020062600,12602,39
2020062500,1250,9,,,,,,,,2020062500,12563,28
2020062400,1241,11,,,,,,,,2020062400,12535,51
2020062300,1230,6,,,,,,,,2020062300,12484,46
2020062200,1224,5,,,,,,,,2020062200,12438,17
2020062100,1219,17,,,,,,,,2020062100,12421,48
2020062000,1202,14,,,,,,,,2020062000,12373,67
2020061900,1188,18,,,,,,,,2020061900,12306,49
2020061800,1170,25,,,,,,,,2020061800,12257,59
2020061700,1145,13,,,,,,,,2020061700,12198,43
2020061600,1132,12,,,,,,,,2020061600,12155,34
2020061500,1120,7,,,,,,,,2020061500,12121,37
2020061400,1113,12,,,,,,,,2020061400,12085,34
2020061300,1101,29,,,,,,,,2020061300,12051,49
2020061200,1072,24,,,,,,,,2020061200,12003,56
2020061110,1048,19,,,,,,,,2020061100,11947,45
2020061010,1029,10,,,,,,,,2020061000,11902,50
2020060910,1019,22,,,,,,,,2020060900,11852,38
2020060810,997,18,,,,,,,,2020060800,11814,38
2020060710,979,27,,,,,,,,2020060700,11776,57
2020060610,952,23,,,,,,,,2020060600,11719,51
2020060510,929,13,,,,,,,,2020060500,11668,39
2020060410,916,20,,,,,,,,2020060400,11629,39
2020060310,896,18,,,,,,,,2020060300,11590,49
2020060210,878,15,,,,,,,,2020060200,11541,38
2020060110,863,2,,,,,,,,2020060100,11503,35
2020053110,861,6,,,,,,,,2020053100,11468,27
2020053010,855,9,,,,,,,,2020053000,11441,39
2020052910,846,18,,,,,,,,2020052900,11402,58
2020052810,828,21,,,,,,,,2020052800,11344,79
2020052710,807,15,,,,,,,,2020052700,11265,40
2020052610,792,16,,,,,,,,2020052600,11225,19
2020052510,776,8,,,,,,,,2020052500,11206,16
2020052410,768,6,,,,,,,,2020052400,11190,25
2020052310,762,3,,,,,,,,2020052300,11165,23
2020052210,759,3,,,,,,,,2020052200,11142,20
2020052110,756,3,,,,,,,,2020052100,11122,12
2020052010,753,3,,,,,,,,2020052000,11110,32
2020051910,750,14,,,,,,,,2020051900,11078,13
2020051810,736,1,,,,,,,,2020051800,11065,15
2020051710,735,4,,,,,,,,2020051700,11050,19
2020051610,731,6,,,,,,,,2020051600,11037,19
2020051510,725,11,,,,,,,,2020051500,11018,27
2020051410,714,6,,,,,,,,2020051400,10991,29
2020051310,708,5,,,,,,,,2020051300,10962,26
2020051210,703,13,,,,,,,,2020051200,10936,27
2020051110,690,21,,,,,,,,2020051100,10909,35
2020051010,669,11,,,,,,,,2020051000,10874,34
2020050910,658,10,,,,,,,,2020050900,10840,18
2020050810,648,11,,,,,,,,2020050800,10822,12
2020050710,637,0,,,,,,,,2020050700,10810,4
2020050610,637,0,,,,,,,,2020050600,10806,2
2020050510,637,0,,,,,,,,2020050500,10804,3
2020050410,637,0,,,,,,,,2020050400,10801,8
2020050310,637,2,,,,,,,,2020050300,10793,13
2020050210,635,1,,,,,,,,2020050200,10780,6
2020050110,634,1,,,,,,,,2020050100,10774,9
2020043010,633,0,,,,,,,,2020043000,10765,4
2020042910,633,0,,,,,,,,2020042900,10761,9
2020042810,633,4,,,,,,,,2020042800,10752,14
2020042710,629,0,,,,,,,,2020042700,10738,10
2020042610,629,0,,,,,,,,2020042600,10728,10
2020042510,629,1,,,,,,,,2020042500,10718,10
2020042410,628,0,,,,,,,,2020042400,10708,6
2020042310,628,0,,,,,,,,2020042300,10702,8
2020042210,628,2,,,,,,,,2020042200,10694,11
2020042110,626,0,,,,,,,,2020042100,10683,0
2020042010,624,0,,,,,,,,2020042000,10674,0
2020041910,624,0,,,,,,,,2020041900,10661,0
2020041810,623,0,,,,,,,,2020041800,10653,0
2020041710,621,0,,,,,,,,2020041700,10635,0
2020041610,619,0,,,,,,,,2020041600,10613,0
2020041510,619,0,,,,,,,,2020041500,10591,0
2020041410,613,0,,,,,,,,2020041400,10564,0
2020041310,610,0,,,,,,,,2020041300,10537,0
2020041210,602,0,,,,,,,,2020041200,10512,0
2020041110,600,0,,,,,,,,2020041100,10480,0
2020041010,597,0,,,,,,,,2020041000,10450,0
2020040910,592,0,,,,,,,,2020040900,10423,0
2020040810,581,0,,,,,,,,2020040800,10384,0
2020040710,571,0,,,,,,,,2020040700,10331,0
2020040610,563,0,,,,,,,,2020040600,10284,0
2020040510,558,0,,,,,,,,2020040500,10237,0
2020040410,533,0,,,,,,,,2020040400,10156,0
2020040310,513,0,,,,,,,,2020040300,10062,0
2020040210,494,0,,,,,,,,2020040200,9976,0
2020040110,478,0,,,,,,,,2020040100,9887,0
2020033110,454,0,,,,,,,,2020033100,9786,0
2020033010,434,0,,,,,,,,2020033000,9661,0
2020032910,413,0,,,,,,,,2020032900,9583,0
2020032810,391,0,,,,,,,,2020032800,9478,0
2020032700,376,0,,,,,,,,2020032700,9332,0
2020032600,361,0,,,,,,,,2020032600,9241,0
2020032500,347,0,,,,,,,,2020032500,9137,0
2020032400,334,0,,,,,,,,2020032400,9037,0
2020032300,330,0,,,,,,,,2020032300,8961,0
2020032200,324,0,,,,,,,,2020032200,8897,0
2020032100,314,0,,,,,,,,2020032100,8799,0
2020032000,299,0,,,,,,,,2020032000,8652,0
2020031900,282,0,,,,,,,,2020031900,8565,0
2020031800,270,0,,,,,,,,2020031800,8413,0
2020031710,267,0,,,,,,,,2020031700,8320,0
2020031610,254,0,,,,,,,,2020031600,8236,0
2020031510,248,0,,,,,,,,2020031500,8162,0
2020031410,240,0,,,,,,,,2020031400,8086,0
2020031310,231,0,,,,,,,,2020031300,7979,0
2020031210,219,0,,,,,,,,2020031200,7869,0
2020031110,205,0,,,,,,,,2020031100,7755,0
2020031010,156,0,,,,,,,,2020031000,7513,0
2020030910,130,0,,,,,,,,2020030900,7382,0
2020030810,120,0,,,,,,,,2020030800,7134,0
2020030710,114,0,,,,,,,,2020030700,6767,0
2020030610,106,0,,,,,,,,2020030600,6284,0
2020030510,105,0,,,,,,,,2020030500,5766,0
2020030410,99,0,,,,,,,,2020030400,5328,0
2020030310,98,0,,,,,,,,2020030300,4812,0
2020030210,92,0,,,,,,,,2020030210,4212,0
2020030110,86,0,,,,,,,,2020030116,3736,0
2020022910,77,0,,,,,,,,2020022916,3150,0
2020022810,65,0,,,,,,,,2020022816,2337,0
2020022710,59,0,,,,,,,,2020022716,1766,0
2020022616,49,0,,,,,,,,2.0202E+11,1261,0
2020022518,44,0,,,,,,,,2020022518,1146,0
2.0202E+11,25,0,,,,,,,,2020022316,602,0
2.0202E+11,24,0,,,,,,,,2020022218,433,0
2.0202E+11,18,0,,,,,,,,2020022116,204,0
2.0202E+11,15,0,,,,,,,,2020022018,104,0
2.0202E+11,13,0,,,,,,,,2020021918,82,0
2.0202E+11,12,0,,,,,,,,2020021818,31,0
2.0202E+11,12,0,,,,,,,,2020021718,30,0
2.0202E+11,11,0,,,,,,,,2020021618,29,0
2.0202E+11,10,0,,,,,,,,2020021518,28,0
2.0202E+11,10,0,,,,,,,,2020021418,28,0
2.0202E+11,10,0,,,,,,,,2020021318,28,0
2.0202E+11,10,0,,,,,,,,2020021218,28,0
2.0202E+11,10,0,,,,,,,,2020021118,28,0
2.0202E+11,10,0,,,,,,,,2020021018,27,0
2.0202E+11,10,0,,,,,,,,2020020918,27,0
2.0202E+11,10,0,,,,,,,,2020020818,24,0
2.0202E+11,10,0,,,,,,,,2020020718,24,0
2.0202E+11,11,0,,,,,,,,2020020609,24,0
2.0202E+11,8,0,,,,,,,,2020020515,18,0
